#,网站名称,URL,类别,DA等级,链接类型,锚文本建议,文案标题,文案内容,备注
1,Tesla Motors Club (TMC),https://teslamotorsclub.com/tmc/,EV/Tesla论坛,60+,签名dofollow(6帖后解锁),MyDreamTesla - Tesla Vehicle Comparison,"分享：做了个 Tesla 全车型对比工具","Hey everyone, I built a side project to help Tesla buyers compare specs across all models and generations — Model 3 (Original/Refresh/Highland), Model Y, S, X, and Cybertruck. It includes range, acceleration, pricing, and more. Would love feedback from the community: mydreamtesla.com",最高价值Tesla论坛;需先发6个有质量的帖子解锁签名
2,Tesla Owners Online,https://www.teslaownersonline.com/,EV/Tesla论坛,40+,个人资料dofollow,mydreamtesla.com,自我介绍 + 个人资料链接,"Tesla enthusiast and web developer. I created mydreamtesla.com to help prospective buyers compare every Tesla model side by side — specs, pricing, and generational differences all in one place.",XenForo论坛;个人资料网站字段
3,Cybertruck Owners Club,https://www.cybertruckownersclub.com/forum/,EV/Tesla论坛,35+,签名+资料dofollow,Tesla Comparison Tool,"Cybertruck vs 其他 Tesla 车型对比","For those comparing the Cybertruck against other Tesla models, I put together a detailed spec comparison tool at mydreamtesla.com. You can see how the CT stacks up against Model X/Y in terms of range, towing, cargo, and pricing.",活跃的Cybertruck社区
4,Inside EVs Forum,https://www.insideevsforum.com/community/,EV/Tesla论坛,40+,签名+资料dofollow,EV Comparison Tool,"全 Tesla 车型世代对比工具分享","Created a free tool that lets you compare all Tesla models across different generations — from the original Model S to the 2025 Highland Model 3. Includes 50+ specs per vehicle. Check it out: mydreamtesla.com",知名EV媒体的论坛
5,Speak EV,https://www.speakev.com/,EV/Tesla论坛,40+,签名dofollow,Tesla Specs Database,"Tesla 购车对比资源分享","If you're cross-shopping Tesla models, I've built a comprehensive comparison database covering every trim, generation, and spec. It's free to use at mydreamtesla.com. Feedback welcome!",英国为主的EV论坛;有Tesla专区
6,BobIsTheOilGuy (EV板块),https://bobistheoilguy.com/forums/forums/electric-vehicles.117/,EV/Tesla论坛,55+,签名dofollow,Tesla Model Comparison,"EV 新手的 Tesla 选车指南","For anyone transitioning to EVs and considering Tesla, I built a comparison tool that breaks down every model and generation with real specs — range, acceleration, pricing, cargo space, and more. mydreamtesla.com",老牌汽车论坛;EV板块活跃度不错
7,Tesla Owners Forum,https://teslaownersforum.com/,EV/Tesla论坛,30+,个人资料dofollow,mydreamtesla.com,"Tesla 车型规格对比","Built a spec comparison tool for all Tesla models and generations. Compare Model 3 Highland vs Refresh, Model Y Original vs Juniper, and more at mydreamtesla.com",较小的Tesla社区;容易获得关注
8,Electric Vehicle Forums,https://electricvehicleforums.com/,EV/Tesla论坛,25+,个人资料dofollow,mydreamtesla.com,"Tesla 全系对比工具","Compare every Tesla model, trim, and generation side by side. Free tool at mydreamtesla.com — covers specs, pricing, range, and performance.",通用EV论坛
9,Fix Your Tesla Forum,https://forum.fixyourtesla.com/,EV/Tesla论坛,20+,个人资料dofollow,mydreamtesla.com,"Tesla 规格速查","Quick reference for Tesla specs across all models and years. Useful when comparing options: mydreamtesla.com",Tesla维修社区;适合技术性内容
10,My EV Discussion,https://myevdiscussion.com/,EV/Tesla论坛,15+,个人资料dofollow,mydreamtesla.com,"Tesla 全车型规格数据库","Complete Tesla specs database covering Model 3, Y, S, X, and Cybertruck across all generations. Free at mydreamtesla.com",较新的EV社区
11,Tesla Forums (官方),https://forums.tesla.com/,EV/Tesla论坛,90+,个人资料dofollow,mydreamtesla.com,"个人资料填写网站链接","Tesla enthusiast. Creator of mydreamtesla.com — a free tool to compare all Tesla models and generations.",Tesla官方论坛;需Tesla账户;DA极高
12,Electric Forum Community,https://community.electricforum.com/,EV/Tesla论坛,20+,个人资料dofollow,mydreamtesla.com,"EV 选购对比资源","Comprehensive Tesla comparison tool covering every model, trim, and generation. Check specs, pricing, and range at mydreamtesla.com",通用电动车社区
13,Quora - Tesla话题回答,https://www.quora.com/topic/Tesla-Motors,Q&A平台,93,nofollow(Google视为hint),mydreamtesla.com,"回答：Which Tesla model should I buy in 2026?","The best Tesla for you depends on your priorities. For value, the Model 3 Highland offers the best range-per-dollar. For family use, the Model Y Juniper has the most cargo space. For performance, the Model S Plaid is unmatched. I built a detailed comparison tool at mydreamtesla.com that lets you compare all these specs side by side — range, acceleration, pricing, cargo, and 50+ other specs across every Tesla model and generation.",找Tesla相关问题回答;每周3-5个回答
14,Quora - EV话题回答,https://www.quora.com/topic/Electric-Vehicles,Q&A平台,93,nofollow(Google视为hint),mydreamtesla.com,"回答：How do Tesla models compare to each other?","Tesla offers 5 models: Model 3 (compact sedan), Model Y (compact SUV), Model S (luxury sedan), Model X (luxury SUV), and Cybertruck (pickup). Each has multiple generations with significant spec differences. For a complete breakdown, mydreamtesla.com has every model compared side by side with 50+ specifications.",高流量话题;自然引用
15,Reddit r/teslamotors,https://www.reddit.com/r/teslamotors/,Q&A平台,99,nofollow,mydreamtesla.com,"[OC] 做了个 Tesla 全车型对比工具","I spent the last few months building a free Tesla comparison tool. You can compare every model, trim, and generation side by side — Model 3 (Original/Refresh/Highland), Model Y (Original/Juniper), Model S, Model X, and Cybertruck. Includes 50+ specs per vehicle. mydreamtesla.com — feedback welcome!",2M成员;遵守自我推广规则(9:1)
16,Reddit r/electricvehicles,https://www.reddit.com/r/electricvehicles/,Q&A平台,99,nofollow,mydreamtesla.com,"Tesla 全系对比工具 [OC]","Built a free comparison tool for all Tesla models and generations. Covers specs, pricing, range, acceleration, cargo, and more. Useful if you're cross-shopping Tesla models: mydreamtesla.com",EV通用社区;内容需有价值
17,Reddit r/TeslaLounge,https://www.reddit.com/r/TeslaLounge/,Q&A平台,99,nofollow,mydreamtesla.com,"分享：Tesla 购车对比工具","Hey Tesla fam! Made a comparison tool that covers every Tesla model and generation. You can compare specs like range, 0-60, price, cargo, and more — all on one page. mydreamtesla.com",较宽松的Tesla社区;适合分享项目
18,Reddit r/TeslaModel3,https://www.reddit.com/r/TeslaModel3/,Q&A平台,99,nofollow,mydreamtesla.com,"Model 3 三代对比","If you're deciding between a used Original, Refresh, or new Highland Model 3, I built a tool that compares all three generations side by side with every spec: mydreamtesla.com/models/model-3",Model 3专属社区
19,Reddit r/TeslaModelY,https://www.reddit.com/r/TeslaModelY/,Q&A平台,99,nofollow,mydreamtesla.com,"Model Y Original vs Juniper 对比","For anyone comparing the pre-facelift Model Y to the 2025 Juniper, I put together a detailed spec comparison. Range, dimensions, features — everything side by side: mydreamtesla.com/models/model-y",Model Y专属社区
20,Reddit r/cybertruck,https://www.reddit.com/r/cybertruck/,Q&A平台,99,nofollow,mydreamtesla.com,"Cybertruck vs Model X 规格对比","Made a spec comparison tool that includes the Cybertruck alongside all other Tesla models. Compare towing, range, dimensions, and pricing: mydreamtesla.com",Cybertruck社区
21,Stack Exchange - Sustainability,https://sustainability.stackexchange.com/,Q&A平台,80+,nofollow,mydreamtesla.com,"回答EV相关问题时引用","When comparing electric vehicles, Tesla offers one of the widest ranges of options. A comprehensive spec comparison is available at mydreamtesla.com.",相关EV问题回答中引用
22,GitHub 个人资料,https://github.com/settings/profile,个人资料链接,96,dofollow,mydreamtesla.com,个人资料 + README,"Creator of mydreamtesla.com — a Tesla vehicle comparison platform built with Next.js, PostgreSQL, and Drizzle ORM.",DA最高的dofollow链接;更新个人资料网站字段
23,GitHub 项目 README,https://github.com/new,个人资料链接,96,dofollow,MyDreamTesla,"Tesla Vehicle Data API (开源项目)","# Tesla Vehicle Specs Database\n\nOpen-source Tesla vehicle specifications data. Powers [MyDreamTesla](https://mydreamtesla.com) — a free tool to compare all Tesla models and generations.",创建相关开源项目;README中链接
24,GitLab 个人资料,https://gitlab.com/-/profile,个人资料链接,92,dofollow,mydreamtesla.com,个人资料网站字段,"Web developer. Creator of mydreamtesla.com — Tesla vehicle comparison tool.",更新个人资料网站字段
25,Gravatar,https://en.gravatar.com/profiles/edit,个人资料链接,85+,dofollow,mydreamtesla.com,个人资料描述 + 链接,"Tesla enthusiast and developer. I built mydreamtesla.com to help buyers compare every Tesla model and generation with detailed specs.",快速设置;被多个平台引用
26,About.me,https://about.me/signup,个人资料链接,80+,dofollow,mydreamtesla.com,个人主页,"I'm passionate about Tesla and electric vehicles. I created mydreamtesla.com — a comprehensive comparison tool that helps buyers choose the right Tesla by comparing specs, pricing, and features across all models and generations.",简洁的个人页面+链接
27,Crunchbase,https://www.crunchbase.com/register,个人资料链接,91,dofollow,mydreamtesla.com,公司页面,"MyDreamTesla is a free online platform that enables Tesla buyers to compare vehicle specifications across all models and generations, including Model 3, Model Y, Model S, Model X, and Cybertruck.",注册公司页面;DA91 dofollow
28,Wellfound (AngelList),https://wellfound.com/join,个人资料链接,85+,dofollow,mydreamtesla.com,创始人+公司页面,"MyDreamTesla — A comprehensive Tesla vehicle comparison platform. Compare specs, pricing, and features across all Tesla models and generations.",创业公司页面
29,Behance,https://www.behance.net/,个人资料链接,93,dofollow,mydreamtesla.com,设计项目展示,"MyDreamTesla — UI/UX design for a Tesla vehicle comparison platform. Built with Next.js and TailwindCSS. Live at mydreamtesla.com",展示网站设计作品;附链接
30,Dribbble,https://dribbble.com/signup/new,个人资料链接,91,dofollow,mydreamtesla.com,设计作品 + 个人资料,"Tesla comparison tool design — clean, data-driven interface for comparing vehicle specs. See the live project: mydreamtesla.com",上传网站截图+链接
31,Goodreads,https://www.goodreads.com/user/sign_up,个人资料链接,93,个人资料dofollow,mydreamtesla.com,个人资料网站字段,"Tesla enthusiast and creator of mydreamtesla.com. Love reading about EVs, technology, and sustainable transportation.",个人资料网站字段
32,Disqus,https://disqus.com/profile/,个人资料链接,88,dofollow,mydreamtesla.com,个人资料网站字段,"Creator of mydreamtesla.com — compare all Tesla models side by side.",个人资料链接;在EV博客评论时显示
33,Instructables,https://www.instructables.com/account/register/,个人资料链接,85+,个人资料dofollow,mydreamtesla.com,个人资料描述,"Tech enthusiast. Built mydreamtesla.com to help Tesla buyers make informed decisions with detailed spec comparisons.",可发布Tesla相关教程
34,Linktree,https://linktr.ee/register,个人资料链接,85+,dofollow,mydreamtesla.com,链接聚合页,"MyDreamTesla — Compare all Tesla models and generations | mydreamtesla.com",快速创建;可放多个链接
35,Scribd,https://www.scribd.com/signup,个人资料链接,93,个人资料dofollow,mydreamtesla.com,个人资料 + 上传文档,"Tesla vehicle comparison guide. Full specs database at mydreamtesla.com",可上传Tesla对比PDF文档
36,Academia.edu,https://www.academia.edu/signup,个人资料链接,90+,个人资料dofollow,mydreamtesla.com,个人资料网站字段,"Research interests: Electric vehicles, sustainable transportation. Creator of mydreamtesla.com — a Tesla vehicle comparison platform.",学术平台;个人资料链接
37,Dev.to,https://dev.to/settings,Web 2.0平台,80+,个人资料dofollow,mydreamtesla.com,"Building a Tesla Vehicle Comparison Tool with Next.js","I built mydreamtesla.com — a full-stack Tesla comparison platform using Next.js, PostgreSQL, Drizzle ORM, and TailwindCSS. In this post, I'll share the architecture decisions, data modeling challenges, and lessons learned building a spec comparison engine for 100+ Tesla vehicle trims across 5 models and multiple generations. Check it out at mydreamtesla.com",技术博客;个人资料网站字段dofollow
38,Hashnode,https://hashnode.com/onboard,Web 2.0平台,75+,文章内dofollow,mydreamtesla.com,"How I Built a Tesla Specs Database with Next.js and Drizzle ORM","A deep dive into building mydreamtesla.com — from data modeling 100+ vehicle trims to building a responsive comparison UI. Tech stack: Next.js App Router, PostgreSQL, Drizzle ORM, TailwindCSS. Live demo: mydreamtesla.com",文章内链接dofollow;可绑定自定义域名
39,WordPress.com,https://wordpress.com/start,Web 2.0平台,93,文章内dofollow,mydreamtesla.com,"Tesla Model 3 vs Model Y: Which One Should You Buy?","Choosing between the Tesla Model 3 and Model Y? Both are excellent EVs, but they serve different needs. The Model 3 is a compact sedan starting at $38,990, while the Model Y is a crossover SUV from $44,990. For a detailed spec-by-spec comparison including range, acceleration, cargo space, and more, check out mydreamtesla.com.",卫星博客;定期发布Tesla对比内容
40,Blogger (Blogspot),https://www.blogger.com/about/,Web 2.0平台,88,文章内dofollow,mydreamtesla.com,"2025 Tesla Lineup: Complete Comparison Guide","Tesla's 2025 lineup includes the refreshed Model 3 Highland, the new Model Y Juniper, Model S and X, plus the Cybertruck. Each model has been updated with new features and improved specs. For a comprehensive side-by-side comparison of every trim and generation, visit mydreamtesla.com.",卫星博客;发布长尾关键词文章
41,Medium,https://medium.com/new-story,Web 2.0平台,95,nofollow+ugc(但品牌价值高),mydreamtesla.com,"The Ultimate Guide to Comparing Tesla Models in 2025","With 5 models and multiple generations to choose from, picking the right Tesla can be overwhelming. I built mydreamtesla.com as a free tool to compare every Tesla model side by side — from the $38k Model 3 to the $99k Cybertruck. Here's what I learned about each model's strengths and trade-offs...",高曝光平台;文章内nofollow但引流价值大
42,LinkedIn 文章,https://www.linkedin.com/pulse/,Web 2.0平台,98,nofollow,mydreamtesla.com,"I Built a Tesla Comparison Tool — Here's What I Learned","As a developer and Tesla enthusiast, I noticed there wasn't a great way to compare Tesla models across generations. So I built mydreamtesla.com — a free platform that lets buyers compare 100+ Tesla trims with 50+ specs each. The project taught me a lot about data architecture, UX for complex data, and the EV market.",专业人脉网络;品牌权威度极高
43,Substack,https://substack.com/signup,Web 2.0平台,80+,文章内dofollow,mydreamtesla.com,"Tesla Buyer's Weekly: Model Comparison Updates","A weekly newsletter covering Tesla model updates, spec changes, pricing adjustments, and buying advice. Powered by data from mydreamtesla.com — the most comprehensive Tesla comparison tool available.",newsletter格式;长期内容发布
44,Tumblr,https://www.tumblr.com/register,Web 2.0平台,85+,文章内dofollow,mydreamtesla.com,"Tesla Model Comparison Infographic","Tesla's 2025 lineup at a glance: Model 3 from $38,990 (272-363 mi range), Model Y from $44,990 (283-337 mi range), Model S from $74,990 (405 mi range), Model X from $79,990 (326 mi range), Cybertruck from $79,990 (301-340 mi range). Full comparison at mydreamtesla.com",视觉内容分享;信息图+链接
45,Telegra.ph,https://telegra.ph/,Web 2.0平台,70+,文章内dofollow,mydreamtesla.com,"Tesla Model 3 Highland vs Model Y Juniper 2025","Both the 2025 Model 3 Highland and Model Y Juniper feature Tesla's latest design language. But which is right for you? The Model 3 has better range and is more affordable. The Model Y offers more cargo space and a higher driving position. Compare all specs at mydreamtesla.com",即时发布;无需注册;dofollow
46,HubPages,https://discover.hubpages.com/user/new/,Web 2.0平台,80+,文章内dofollow(需审核),mydreamtesla.com,"How to Choose the Right Tesla: A Buyer's Guide","Buying a Tesla? Here's how to decide between the Model 3, Model Y, Model S, Model X, and Cybertruck based on your budget, driving needs, and lifestyle. For detailed spec comparisons across every trim and generation, visit mydreamtesla.com.",需通过内容审核;文章质量要求高
47,LiveJournal,https://www.livejournal.com/create,Web 2.0平台,86,文章内dofollow,mydreamtesla.com,"My Tesla Research Journey","After months of research comparing every Tesla model, I decided to build a tool to help other buyers. mydreamtesla.com now covers all 5 Tesla models across multiple generations with 50+ specs each. Here's what I've learned about the Tesla lineup...",老牌博客平台;dofollow确认
48,Wix Blog,https://www.wix.com/start/blog,Web 2.0平台,93,文章内dofollow,mydreamtesla.com,"Tesla 2025 Model Lineup Review","An overview of Tesla's current model lineup with key specs and pricing. For a detailed side-by-side comparison tool, visit mydreamtesla.com.",卫星博客选项
49,Flipboard,https://flipboard.com/,社交书签,90+,书签dofollow,mydreamtesla.com,"Tesla Vehicle Comparison Magazine","Create a Flipboard Magazine: 'Tesla Model Comparison & Buying Guide' — curate articles about Tesla models and include mydreamtesla.com as a key resource for spec comparisons.",创建Magazine;定期添加内容+链接
50,Mix.com,https://mix.com/,社交书签,80+,书签dofollow,mydreamtesla.com,收藏标题: Tesla Model Comparison Tool,"MyDreamTesla — Compare all Tesla models and generations side by side. Free spec comparison tool covering Model 3, Model Y, Model S, Model X, and Cybertruck.",书签链接dofollow
51,Scoop.it,https://www.scoop.it/,社交书签,85+,策划内容dofollow,mydreamtesla.com,"Tesla & EV Comparison Tools Topic","Curate a topic page on 'Tesla Vehicle Comparison' and feature mydreamtesla.com alongside other Tesla news and resources. Add commentary: 'The most comprehensive Tesla spec comparison tool I've found — covers every model and generation.'",创建Topic页面;定期更新
52,Diigo,https://www.diigo.com/,社交书签,80+,书签dofollow,mydreamtesla.com,书签描述,"MyDreamTesla: Free Tesla vehicle comparison tool. Compare specs, pricing, and features across all Tesla models (3, Y, S, X, Cybertruck) and generations. Essential resource for Tesla buyers.",书签链接dofollow;添加标签
53,Pearltrees,https://www.pearltrees.com/,社交书签,70+,书签dofollow,mydreamtesla.com,"Tesla Buying Resources Collection","Add mydreamtesla.com to a 'Tesla Buying Guide' collection alongside other Tesla resources, reviews, and tools.",视觉化书签;适合创建主题合集
54,Folkd,https://www.folkd.com/,社交书签,55+,书签dofollow,mydreamtesla.com,书签描述,"Compare all Tesla models side by side — specs, pricing, range, and performance. Free tool at mydreamtesla.com",简单书签提交
55,BibSonomy,https://www.bibsonomy.org/,社交书签,50+,书签dofollow,mydreamtesla.com,书签描述,"Tesla vehicle specification database and comparison tool. Covers all models and generations.",学术书签平台;适合数据/研究类内容
56,Start.me,https://start.me/,社交书签,60+,页面链接dofollow,mydreamtesla.com,"Tesla & EV Resources Dashboard","Create a public start page featuring Tesla and EV resources, with mydreamtesla.com as a featured tool for model comparisons.",创建公开仪表板;添加链接
57,Slashdot,https://slashdot.org/submission,社交书签/讨论,80+,提交链接dofollow,mydreamtesla.com,"Show Slashdot: Tesla Vehicle Comparison Tool","Open-source-friendly Tesla comparison platform built with Next.js. Compare every Tesla model and generation with 50+ specs per vehicle. Free at mydreamtesla.com",科技社区;链接dofollow
58,Pinterest,https://www.pinterest.com/,社交书签,94,nofollow(但引流价值高),mydreamtesla.com,"Tesla Model Comparison Infographics","Create pins with Tesla comparison infographics (e.g., 'Model 3 vs Model Y specs at a glance') linking back to mydreamtesla.com for full details.",视觉搜索引擎;创建信息图pins
59,Product Hunt,https://www.producthunt.com/posts/new,目录列表,90+,产品页面dofollow,mydreamtesla.com,"MyDreamTesla — Compare every Tesla model side by side","MyDreamTesla is a free comparison tool for Tesla vehicles. Compare specs, pricing, range, and features across all Tesla models (3, Y, S, X, Cybertruck) and generations. Built for Tesla buyers who want data-driven decisions.",DA90+ dofollow;准备好Product Hunt Launch策略
60,AlternativeTo,https://alternativeto.net/contribute/,目录列表,75+,dofollow,mydreamtesla.com,"MyDreamTesla — 替代品提交","A free Tesla vehicle comparison tool. Alternative to Tesla's official configurator, offering cross-model and cross-generation spec comparisons. Compare range, acceleration, pricing, cargo space, and 50+ other specifications.",提交为Tesla Configurator的替代品
61,BOTW (Best of the Web),https://botw.org/,目录列表,60+,dofollow,mydreamtesla.com,"Automotive > Electric Vehicles 分类提交","MyDreamTesla — Comprehensive Tesla vehicle comparison platform covering all models and generations with detailed specifications, pricing, and feature comparisons.",经典人工审核目录;dofollow
62,Jasmine Directory,https://www.jasminedirectory.com/submit.html,目录列表,50+,dofollow,mydreamtesla.com,"Automotive > Electric Cars 分类","MyDreamTesla.com provides detailed Tesla vehicle comparisons across all models and generations, helping buyers make informed decisions with comprehensive spec data.",人工审核;dofollow
63,Curlie (DMOZ继承者),https://curlie.org/docs/en/add.html,目录列表,70+,dofollow,mydreamtesla.com,"Recreation > Autos > Makes > Tesla 分类","MyDreamTesla offers free side-by-side comparisons of Tesla vehicles including Model 3, Model Y, Model S, Model X, and Cybertruck across all available generations and trims.",DMOZ继承者;权威目录
64,BetaList,https://betalist.com/submit,目录列表,65+,dofollow,mydreamtesla.com,"MyDreamTesla — Tesla comparison platform","Compare every Tesla model and generation with 50+ specs per vehicle. Free tool for Tesla buyers. Built with Next.js and PostgreSQL.",适合新项目提交
65,SaaSHub,https://www.saashub.com/,目录列表,65+,dofollow,mydreamtesla.com,"MyDreamTesla SaaS 提交","Tesla vehicle comparison platform — compare specs, pricing, and features across all Tesla models and generations. Free tier available.",SaaS目录;dofollow
66,Openhunts,https://openhunts.com/,目录列表,50,dofollow,mydreamtesla.com,"MyDreamTesla 产品提交","Free Tesla vehicle comparison tool. Compare Model 3, Y, S, X, and Cybertruck specs side by side.",免费提交;保证dofollow
67,Google Business Profile,https://business.google.com/,目录列表,100,dofollow,mydreamtesla.com,"MyDreamTesla 商家信息","MyDreamTesla — Online Tesla vehicle comparison tool. Free spec comparisons for all Tesla models and generations.",DA最高;本地商家列表
68,Bing Places,https://www.bingplaces.com/,目录列表,95+,dofollow,mydreamtesla.com,"MyDreamTesla 商家信息","Tesla vehicle comparison platform — free online tool for comparing Tesla model specs and pricing.",Bing商家列表
69,Starter Story,https://www.starterstory.com/,目录列表,70+,案例研究dofollow,mydreamtesla.com,"How I Built MyDreamTesla","I built a Tesla vehicle comparison tool as a side project. It now serves thousands of Tesla buyers monthly with detailed spec comparisons across all models and generations. mydreamtesla.com",创业故事;可投稿案例研究
70,Quick Directory,https://www.quickdirectory.biz/,目录列表,25+,dofollow,mydreamtesla.com,"Automotive 分类提交","MyDreamTesla.com — free Tesla vehicle comparison tool for all models and generations.",简单目录提交
71,Hacker News (Show HN),https://news.ycombinator.com/submit,讨论/评论,92,dofollow,mydreamtesla.com,"Show HN: MyDreamTesla — Compare every Tesla model and generation","I built a free Tesla comparison tool with Next.js, PostgreSQL, and Drizzle ORM. It covers 100+ trims across Model 3, Y, S, X, and Cybertruck with 50+ specs each. The data is sourced from official Tesla specs and verified against EPA data. mydreamtesla.com",DA92 dofollow;技术社区;准备好技术讨论
72,Lobsters,https://lobste.rs/,讨论/评论,65+,dofollow,mydreamtesla.com,"MyDreamTesla: Full-stack Next.js Tesla comparison tool","Built a comprehensive vehicle comparison platform using Next.js App Router, PostgreSQL, Drizzle ORM, and TailwindCSS. Handles 100+ vehicle trims with complex spec comparison logic. mydreamtesla.com",需邀请注册;技术社区;dofollow
73,BizSugar,https://www.bizsugar.com/,讨论/评论,50+,dofollow,mydreamtesla.com,"Tesla Comparison Tool for Car Buyers","MyDreamTesla helps Tesla buyers compare every model side by side with detailed specs and pricing data. Free to use at mydreamtesla.com",小企业内容分享;dofollow
74,CleanTechnica 评论,https://cleantechnica.com/,讨论/评论,75+,评论区链接,mydreamtesla.com,"在Tesla对比文章下评论","Great comparison! For anyone wanting to dig deeper into the specs, I've put together a comprehensive Tesla comparison tool at mydreamtesla.com — covers every model and generation with 50+ specs each. Might be useful for readers looking for more detail.",#1清洁能源网站;在相关文章评论
75,InsideEVs 评论,https://insideevs.com/,讨论/评论,75+,评论区链接,mydreamtesla.com,"在Tesla相关文章下评论","Useful article! If anyone's looking for a detailed spec-by-spec comparison across all Tesla models and generations, I've been maintaining a free comparison tool at mydreamtesla.com. Covers range, acceleration, pricing, cargo, and more.",知名EV媒体;在对比文章下评论
76,Electrek 评论,https://electrek.co/,讨论/评论,80+,评论区链接,mydreamtesla.com,"在Tesla新闻文章下评论","For those comparing the updated specs with previous years, mydreamtesla.com has a side-by-side comparison across all Tesla generations — from the original Model S to the 2025 Highland Model 3.",EV/清洁能源新闻;高流量
77,The Driven 评论,https://thedriven.io/,讨论/评论,55+,评论区链接,mydreamtesla.com,"在Tesla澳洲相关文章下评论","Great overview! For a detailed spec comparison across all Tesla models and generations, mydreamtesla.com is a handy free tool. Covers range in both km and miles.",澳洲EV新闻;国际化受众
78,Edmunds 社区,https://forums.edmunds.com/,讨论/评论,80+,论坛链接,mydreamtesla.com,"Tesla 购车讨论","If you're comparing Tesla trims and generations, I've found mydreamtesla.com really helpful — it has every Tesla model with detailed specs side by side.",知名汽车网站论坛
79,Recurrent Auto 评论,https://www.recurrentauto.com/research,讨论/评论,50+,评论区链接,mydreamtesla.com,"在Tesla电池/续航文章下评论","Great data on battery degradation! For comparing range specs across Tesla models and generations, mydreamtesla.com is a useful complement to your research.",EV电池研究网站
80,Tom's Guide 评论,https://www.tomsguide.com/,讨论/评论,90+,评论区链接,mydreamtesla.com,"在Tesla评测文章下评论","Nice review! For a comprehensive comparison across all Tesla models and trims, mydreamtesla.com covers 50+ specs per vehicle with side-by-side views.",知名科技评测网站
81,Accessories for Tesla,https://www.accessoriesfortesla.com/guest-posts,客座文章,35+,文章内dofollow,mydreamtesla.com,"How to Compare Tesla Models: A Complete Buyer's Guide","Choosing the right Tesla can be overwhelming with multiple models, generations, and trims available. In this guide, we break down the key differences between Model 3, Model Y, Model S, Model X, and Cybertruck. For a detailed side-by-side comparison with 50+ specs per vehicle, visit mydreamtesla.com. We'll cover which Tesla is best for commuting, family use, road trips, and performance driving.",Tesla专属博客;最相关的投稿目标
82,EVShout,https://evshout.com/write-for-us-ev-guest-post/,客座文章,20+,文章内1-2个dofollow,mydreamtesla.com,"Tesla Model 3 Highland vs Model Y Juniper: 2025 Buyer's Guide","The 2025 Tesla lineup brings two major refreshes: the Model 3 Highland and Model Y Juniper. Both feature new design languages, improved range, and updated interiors. But which is right for you? Use the free comparison tool at mydreamtesla.com to see all specs side by side, or read on for our take on the key differences...",EV专属;1-2个dofollow链接
83,Bell Engineering,https://bellengineering.net/write-for-us-automotive/,客座文章,30+,文章内dofollow,mydreamtesla.com,"Engineering Analysis: Tesla's Generational Improvements","From the original Model S to the 2025 Highland Model 3, Tesla has made significant engineering improvements across its lineup. This article examines the key technical changes across generations — battery capacity, motor efficiency, structural improvements, and more. Full spec data available at mydreamtesla.com.",工程/汽车博客;技术角度切入
84,Motor Craz,https://www.motorcraz.com/write-for-us/,客座文章,35+,文章内dofollow,mydreamtesla.com,"Tesla 2025 Lineup: Complete Model Comparison","Tesla's 2025 lineup offers something for everyone — from the affordable Model 3 sedan to the bold Cybertruck. But with so many options, choosing the right one requires careful comparison. Here's a breakdown of each model's strengths, and you can dive into the full specs at mydreamtesla.com.",汽车博客;接受EV内容
85,The Environmental Blog,https://www.theenvironmentalblog.org/submit-guest-post/,客座文章,45+,文章内dofollow,mydreamtesla.com,"Why Electric Vehicles Matter: A Tesla Model Guide","Electric vehicles are key to reducing transportation emissions. Tesla leads the EV market with 5 models ranging from sedans to pickup trucks. For anyone considering going electric, mydreamtesla.com offers a free comparison tool to find the right Tesla based on range, price, and features.",环保角度;绿色交通话题
86,Climate Sort,https://climatesort.com/write-for-us/,客座文章,25+,文章内dofollow,mydreamtesla.com,"Choosing an Electric Vehicle: Tesla Model Comparison for Eco-Conscious Buyers","Making the switch to electric? Tesla offers the widest range of EVs at various price points. This guide helps you compare Tesla models based on energy efficiency, range, and environmental impact. Detailed specs available at mydreamtesla.com.",清洁技术博客;可持续发展角度
87,AutoMotorBlog,https://www.automotorblog.com/write-for-us-automotive-car-blog-guest-post/,客座文章,40+,文章内dofollow,mydreamtesla.com,"Tesla Model 3 vs Model S: Is the Upgrade Worth It?","The Tesla Model 3 starts at $38,990 while the Model S begins at $74,990. Is the $36,000 premium justified? We compare performance, range, luxury features, and more. Get the full spec breakdown at mydreamtesla.com.",汽车博客;对比类文章最合适
88,MotorAxle,https://motoraxle.com/write-for-us-automotive/,客座文章,25+,文章内dofollow,mydreamtesla.com,"Best Tesla for Families: Model Y vs Model X Comparison","Choosing between the Model Y and Model X for your family? The Model Y offers excellent value with room for 5-7 passengers, while the Model X adds falcon wing doors and more luxury. Compare all family-relevant specs at mydreamtesla.com.",汽车博客;家庭用车角度
89,CarzTuning,https://www.carztuning.com/write-for-us-guest-post-automotive-car-blog/,客座文章,30+,文章内dofollow,mydreamtesla.com,"Tesla Performance Models Compared: Model 3 Performance vs Model S Plaid","For speed enthusiasts, Tesla offers incredible performance at various price points. The Model 3 Performance does 0-60 in 2.9 seconds, while the Model S Plaid manages 1.99 seconds. Full performance spec comparison at mydreamtesla.com.",汽车改装博客;性能对比角度
90,Wheels on the South,https://wheelsonthesouth.com/write-for-us/,客座文章,15+,文章内dofollow,mydreamtesla.com,"Top 5 Things to Compare Before Buying a Tesla","Before buying a Tesla, make sure to compare these 5 critical specs: range, acceleration, cargo space, charging speed, and price. Use the free comparison tool at mydreamtesla.com to see how each Tesla model stacks up.",汽车博客;购买指南格式
91,EVANNEX Blog (联系投稿),https://evannex.com/blogs/news,客座文章,45+,文章内链接,mydreamtesla.com,"Tesla Model Comparison for Accessory Buyers","Different Tesla models have different accessory needs. Before shopping for accessories, make sure you know which Tesla is right for you. Compare all Tesla models and trims at mydreamtesla.com — then come back to EVANNEX for the perfect accessories.",Tesla配件公司博客;互利投稿
92,PedalCommander Blog (联系投稿),https://pedalcommander.com/blogs/garage,客座文章,50+,文章内链接,mydreamtesla.com,"Tesla Acceleration Compared: Every Model's 0-60 Time","Tesla's lineup ranges from 4.8 seconds (Model Y Standard Range) to 1.99 seconds (Model S Plaid) in 0-60 performance. For the complete acceleration specs across every Tesla trim and generation, visit mydreamtesla.com.",汽车性能博客;有Tesla相关内容
93,Cleanerwatt (联系投稿),https://www.cleanerwatt.com/,客座文章,20+,文章内链接,mydreamtesla.com,"Tesla Range Comparison: Which Model Goes the Farthest?","Range is one of the most important specs for EV buyers. Tesla's lineup ranges from 272 km (Model 3 Standard Range) to 652 km (Model S Long Range). Compare all range specs across models and generations at mydreamtesla.com.",EV对比评测博客
94,EVTuners Blog (联系投稿),https://www.evtuners.com/blog,客座文章,25+,文章内链接,mydreamtesla.com,"Tesla Generational Changes: What's Different in Each Update?","Tesla regularly updates its vehicles with new technology and design changes. The Model 3 has gone through three generations (Original, Refresh, Highland), each with significant improvements. Track all changes at mydreamtesla.com.",EV改装博客
95,SoloPush,https://solopush.com/,目录列表,30+,dofollow,mydreamtesla.com,"MyDreamTesla 产品提交","Free Tesla vehicle comparison tool — compare specs, pricing, and features across all Tesla models and generations at mydreamtesla.com",免费目录提交;保证dofollow
96,Bitbucket,https://bitbucket.org/account/settings/,个人资料链接,90+,个人资料dofollow,mydreamtesla.com,个人资料网站字段,"Web developer. Creator of mydreamtesla.com — a comprehensive Tesla vehicle comparison platform.",个人资料网站字段
97,Quora Space - Tesla Followers,https://teslafollowers.quora.com/,Q&A平台,93,Space内链接,mydreamtesla.com,"Tesla 车型对比指南","Looking to compare Tesla models? Here's a quick overview of the current lineup. For detailed specs and side-by-side comparisons, check out mydreamtesla.com — it covers every model, trim, and generation.",Tesla专属Quora Space
98,Reddit r/TeslaModelS,https://www.reddit.com/r/TeslaModelS/,Q&A平台,99,nofollow,mydreamtesla.com,"Model S vs Model 3 Performance — 值得升级吗?","If you're debating between a Model S and Model 3 Performance, the spec differences are significant. The S offers more range (405 vs 315 mi), more power, and a more luxurious interior. But the 3 Performance is $40k less. Full comparison: mydreamtesla.com",Model S社区
99,Leasing.com Blog 评论,https://leasing.com/car-leasing-news/,讨论/评论,65+,评论区链接,mydreamtesla.com,"在Tesla租赁相关文章下评论","Helpful breakdown of Tesla leasing costs! For anyone comparing models before signing a lease, mydreamtesla.com has a detailed spec comparison across all Tesla models and generations — useful for narrowing down your choice.",英国租车网站;有Tesla相关内容
100,Tesla Press Kit 引用,https://www.tesla.com/presskit,讨论/评论,90+,引用来源,mydreamtesla.com,"在其他平台引用时使用","Vehicle specifications sourced from Tesla's official press materials and EPA data. Full comparison available at mydreamtesla.com",在写文章/评论时引用官方数据来源
